{
  "lang":"en",
  "name":"pipeline",
  "version":"0.0.0",
  "spacy_version":">=3.4.4,<3.5.0",
  "description":"",
  "author":"",
  "email":"",
  "url":"",
  "license":"",
  "spacy_git_version":"77833bfef",
  "vectors":{
    "width":0,
    "vectors":0,
    "keys":0,
    "name":null,
    "mode":"default"
  },
  "labels":{
    "tok2vec":[

    ],
    "ner":[
      "Amenity",
      "Cuisine",
      "Dish",
      "Hours",
      "Location",
      "Price",
      "Rating",
      "Restaurant_Name"
    ]
  },
  "pipeline":[
    "tok2vec",
    "ner"
  ],
  "components":[
    "tok2vec",
    "ner"
  ],
  "disabled":[

  ],
  "performance":{
    "ents_f":0.9893305575,
    "ents_p":0.9888159178,
    "ents_r":0.9898457333,
    "ents_per_type":{
      "Rating":{
        "p":0.9851439183,
        "r":0.991588785,
        "f":0.9883558454
      },
      "Amenity":{
        "p":0.9869099564,
        "r":0.9791420701,
        "f":0.9830106677
      },
      "Location":{
        "p":0.9879895561,
        "r":0.9913544669,
        "f":0.9896691513
      },
      "Restaurant_Name":{
        "p":0.9984193888,
        "r":0.9968437664,
        "f":0.9976309555
      },
      "Price":{
        "p":0.9931129477,
        "r":0.9876712329,
        "f":0.9903846154
      },
      "Hours":{
        "p":0.9868287741,
        "r":0.9838383838,
        "f":0.9853313101
      },
      "Dish":{
        "p":0.9851951548,
        "r":0.9925423729,
        "f":0.9888551165
      },
      "Cuisine":{
        "p":0.9880868956,
        "r":0.9933075026,
        "f":0.9906903214
      }
    },
    "tok2vec_loss":484.2050442285,
    "ner_loss":1891.0679428804
  }
}