{
  "lang":"en",
  "name":"pipeline",
  "version":"0.0.0",
  "spacy_version":">=3.4.4,<3.5.0",
  "description":"",
  "author":"",
  "email":"",
  "url":"",
  "license":"",
  "spacy_git_version":"77833bfef",
  "vectors":{
    "width":0,
    "vectors":0,
    "keys":0,
    "name":null,
    "mode":"default"
  },
  "labels":{
    "tok2vec":[

    ],
    "ner":[
      "Amenity",
      "Cuisine",
      "Dish",
      "Hours",
      "Location",
      "Price",
      "Rating",
      "Restaurant_Name"
    ]
  },
  "pipeline":[
    "tok2vec",
    "ner"
  ],
  "components":[
    "tok2vec",
    "ner"
  ],
  "disabled":[

  ],
  "performance":{
    "ents_f":0.9907624252,
    "ents_p":0.9901826929,
    "ents_r":0.9913428367,
    "ents_per_type":{
      "Rating":{
        "p":0.9878844362,
        "r":0.9906542056,
        "f":0.9892673822
      },
      "Amenity":{
        "p":0.9839655847,
        "r":0.9901613538,
        "f":0.9870537466
      },
      "Location":{
        "p":0.9892529489,
        "r":0.9887346083,
        "f":0.9889937107
      },
      "Restaurant_Name":{
        "p":0.9968520462,
        "r":0.9994739611,
        "f":0.9981612818
      },
      "Price":{
        "p":0.9796472185,
        "r":0.9890410959,
        "f":0.9843217451
      },
      "Hours":{
        "p":0.9898373984,
        "r":0.9838383838,
        "f":0.9868287741
      },
      "Dish":{
        "p":0.9972789116,
        "r":0.9938983051,
        "f":0.9955857385
      },
      "Cuisine":{
        "p":0.9926030292,
        "r":0.9926030292,
        "f":0.9926030292
      }
    },
    "tok2vec_loss":485.3839267683,
    "ner_loss":1923.9946433319
  }
}